image_path,wsi_id,epi_frac,true_marsh,predicted_marsh,raw_output
Testset/Images_tif/66_HE_(d-4_x-32256_y-16896_w-2048_h-2048).tif,66,0.23421096801757812,Marsh-1,Marsh-3a,Marsh-3a
Testset/Images_tif/66_HE_(d-4_x-30720_y-15360_w-2048_h-2048).tif,66,0.1926422119140625,Marsh-3a,Marsh-1,"Marsh-1
model"
Testset/Images_tif/75_HE_(d-4_x-15360_y-10752_w-2048_h-2048).tif,75,0.0,Marsh-3b,Marsh-3b,Marsh-3b
Testset/Images_tif/5_HE_(d-4_x-16896_y-9216_w-2048_h-2048).tif,5,0.3431510925292969,Marsh-0,Marsh-0,"Marsh-0
model"
Testset/Images_tif/83_HE_(d-4_x-7680_y-7680_w-2048_h-2048).tif,83,0.00514984130859375,Marsh-3b,Marsh-3b,Marsh-3b
Testset/Images_tif/23_HE_(d-4_x-9216_y-6144_w-2048_h-2048).tif,23,0.0,Marsh-3b,Marsh-3b,"Marsh-3b
model"
Testset/Images_tif/7_HE_(d-4_x-7680_y-6144_w-2048_h-2048).tif,7,0.20598602294921875,Marsh-3a,Marsh-1,"Marsh-1
model"
Testset/Images_tif/129_HE_(d-4_x-7680_y-16896_w-2048_h-2048).tif,129,0.10555648803710938,Marsh-3b,Marsh-3b,"Marsh-3b
model"
Testset/Images_tif/143_HE_(d-4_x-24576_y-12288_w-2048_h-2048).tif,143,0.4839744567871094,Marsh-0,Marsh-0,"Marsh-0
model"
Testset/Images_tif/28_HE_(d-4_x-7680_y-3072_w-2048_h-2048).tif,28,0.23314666748046875,Marsh-3a,Marsh-1,Marsh-1
Testset/Images_tif/69_HE_(d-4_x-4608_y-26112_w-2048_h-2048).tif,69,0.14530181884765625,Marsh-3a,Marsh-3a,Marsh-3a
Testset/Images_tif/68_HE_(d-4_x-16896_y-3072_w-2048_h-2048).tif,68,0.1734466552734375,Marsh-3a,Marsh-1,"Marsh-1
model"
Testset/Images_tif/143_HE_(d-4_x-12288_y-15360_w-2048_h-2048).tif,143,0.13010025024414062,Marsh-3b,Marsh-3b,"Marsh-3b
model"
Testset/Images_tif/7_HE_(d-4_x-13824_y-7680_w-2048_h-2048).tif,7,0.3466072082519531,Marsh-0,Marsh-0,Marsh-0
Testset/Images_tif/69_HE_(d-4_x-26112_y-26112_w-2048_h-2048).tif,69,0.2715797424316406,Marsh-1,Marsh-0,"Marsh-0
model"
Testset/Images_tif/28_HE_(d-4_x-12288_y-7680_w-2048_h-2048).tif,28,0.06864547729492188,Marsh-3b,Marsh-3b,"Marsh-3b
model"
Testset/Images_tif/5_HE_(d-4_x-12288_y-6144_w-2048_h-2048).tif,5,0.143310546875,Marsh-3a,Marsh-3b,Marsh-3b
Testset/Images_tif/143_HE_(d-4_x-23040_y-7680_w-2048_h-2048).tif,143,0.2892036437988281,Marsh-1,Marsh-1,"Marsh-1
model"
Testset/Images_tif/61_HE_(d-4_x-9216_y-16896_w-2048_h-2048).tif,61,0.162078857421875,Marsh-3a,Marsh-3b,"Marsh-3b
model"
Testset/Images_tif/6_HE_(d-4_x-6144_y-3072_w-2048_h-2048).tif,6,0.2409515380859375,Marsh-1,Marsh-1,Marsh-1
Testset/Images_tif/117_HE_(d-4_x-6144_y-1536_w-2048_h-2048).tif,117,0.1372528076171875,Marsh-3a,Marsh-3b,Marsh-3b
Testset/Images_tif/64_HE_(d-4_x-9216_y-13824_w-2048_h-2048).tif,64,0.0,Marsh-3b,Marsh-3b,Marsh-3b
Testset/Images_tif/108_HE_(d-4_x-19968_y-9216_w-2048_h-2048).tif,108,0.24366378784179688,Marsh-1,Marsh-1,"Marsh-1
model"
Testset/Images_tif/69_HE_(d-4_x-24576_y-23040_w-2048_h-2048).tif,69,0.19762420654296875,Marsh-3a,Marsh-1,"Marsh-1
model"
Testset/Images_tif/23_HE_(d-4_x-4608_y-4608_w-2048_h-2048).tif,23,0.0,Marsh-3b,Marsh-3b,Marsh-3b
Testset/Images_tif/143_HE_(d-4_x-6144_y-9216_w-2048_h-2048).tif,143,0.0836029052734375,Marsh-3b,Marsh-3b,Marsh-3b
Testset/Images_tif/75_HE_(d-4_x-16896_y-9216_w-2048_h-2048).tif,75,0.3669395446777344,Marsh-0,Marsh-1,"Marsh-1
model"
Testset/Images_tif/3_HE_(d-4_x-6144_y-10752_w-2048_h-2048).tif,3,0.37276458740234375,Marsh-0,Marsh-0,Marsh-0
Testset/Images_tif/115_HE_(d-4_x-10752_y-46080_w-2048_h-2048).tif,115,0.4449195861816406,Marsh-0,Marsh-1,"Marsh-1
model"
Testset/Images_tif/115_HE_(d-4_x-6144_y-38400_w-2048_h-2048).tif,115,0.044445037841796875,Marsh-3b,Marsh-3b,Marsh-3b
Testset/Images_tif/6_HE_(d-4_x-4608_y-6144_w-2048_h-2048).tif,6,0.00628662109375,Marsh-3b,Marsh-3b,Marsh-3b
Testset/Images_tif/57_HE_(d-4_x-27648_y-7680_w-2048_h-2048).tif,57,0.31549072265625,Marsh-1,Marsh-1,"Marsh-1
model"
Testset/Images_tif/9_HE_(d-4_x-13824_y-3072_w-2048_h-2048).tif,9,0.15494918823242188,Marsh-3a,Marsh-3b,Marsh-3b
Testset/Images_tif/143_HE_(d-4_x-18432_y-10752_w-2048_h-2048).tif,143,0.49657440185546875,Marsh-0,Marsh-0,"Marsh-0
model"
Testset/Images_tif/66_HE_(d-4_x-9216_y-9216_w-2048_h-2048).tif,66,0.31970977783203125,Marsh-1,Marsh-0,Marsh-0
Testset/Images_tif/69_HE_(d-4_x-26112_y-24576_w-2048_h-2048).tif,69,0.22272872924804688,Marsh-3a,Marsh-1,"Marsh-1
model"
Testset/Images_tif/143_HE_(d-4_x-15360_y-12288_w-2048_h-2048).tif,143,0.0623321533203125,Marsh-3b,Marsh-3b,Marsh-3b
Testset/Images_tif/115_HE_(d-4_x-29184_y-38400_w-2048_h-2048).tif,115,0.00518035888671875,Marsh-3b,Marsh-3b,Marsh-3b
Testset/Images_tif/5_HE_(d-4_x-16896_y-6144_w-2048_h-2048).tif,5,0.15287399291992188,Marsh-3a,Marsh-3a,"Marsh-3a
model"
Testset/Images_tif/83_HE_(d-4_x-9216_y-7680_w-2048_h-2048).tif,83,0.18101882934570312,Marsh-3a,Marsh-1,Marsh-1
Testset/Images_tif/44_HE_(d-4_x-3072_y-6144_w-2048_h-2048).tif,44,0.10747146606445312,Marsh-3b,Marsh-3b,Marsh-3b
Testset/Images_tif/99_HE_(d-4_x-29184_y-6144_w-2048_h-2048).tif,99,0.442138671875,Marsh-0,Marsh-0,"Marsh-0
model"
Testset/Images_tif/68_HE_(d-4_x-15360_y-6144_w-2048_h-2048).tif,68,0.30782318115234375,Marsh-1,Marsh-0,"Marsh-0
model"
Testset/Images_tif/69_HE_(d-4_x-23040_y-24576_w-2048_h-2048).tif,69,0.2715415954589844,Marsh-1,Marsh-1,Marsh-1
Testset/Images_tif/7_HE_(d-4_x-9216_y-9216_w-2048_h-2048).tif,7,0.07001113891601562,Marsh-3b,Marsh-3a,"Marsh-3a
model"
Testset/Images_tif/83_HE_(d-4_x-4608_y-9216_w-2048_h-2048).tif,83,0.5002937316894531,Marsh-0,Marsh-0,"Marsh-0
model"
Testset/Images_tif/117_HE_(d-4_x-7680_y-1536_w-2048_h-2048).tif,117,0.3988456726074219,Marsh-0,Marsh-0,"Marsh-0
model"
Testset/Images_tif/98_HE_(d-4_x-9216_y-10752_w-2048_h-2048).tif,98,0.3208045959472656,Marsh-1,Marsh-1,"Marsh-1
model"
Testset/Images_tif/41_HE_(d-4_x-12288_y-6144_w-2048_h-2048).tif,41,0.0537109375,Marsh-3b,Marsh-3b,Marsh-3b
Testset/Images_tif/68_HE_(d-4_x-7680_y-4608_w-2048_h-2048).tif,68,0.0831298828125,Marsh-3b,Marsh-3b,Marsh-3b
Testset/Images_tif/123_HE_(d-4_x-6144_y-3072_w-2048_h-2048).tif,123,0.4178009033203125,Marsh-0,Marsh-0,"Marsh-0
model"
Testset/Images_tif/98_HE_(d-4_x-38400_y-6144_w-2048_h-2048).tif,98,0.6155471801757812,Marsh-0,Marsh-0,Marsh-0
Testset/Images_tif/34_HE_(d-4_x-39936_y-26112_w-2048_h-2048).tif,34,0.2808723449707031,Marsh-1,Marsh-1,"Marsh-1
model"
Testset/Images_tif/34_HE_(d-4_x-7680_y-30720_w-2048_h-2048).tif,34,0.3910865783691406,Marsh-0,Marsh-0,Marsh-0
Testset/Images_tif/66_HE_(d-4_x-13824_y-12288_w-2048_h-2048).tif,66,0.2049560546875,Marsh-3a,Marsh-3a,"Marsh-3a
model"
Testset/Images_tif/143_HE_(d-4_x-12288_y-13824_w-2048_h-2048).tif,143,0.2628326416015625,Marsh-1,Marsh-1,"Marsh-1
model"
Testset/Images_tif/110_HE_(d-4_x-7680_y-1536_w-2048_h-2048).tif,110,0.14766693115234375,Marsh-3a,Marsh-1,"Marsh-1
model"
Testset/Images_tif/98_HE_(d-4_x-44544_y-9216_w-2048_h-2048).tif,98,0.43434906005859375,Marsh-0,Marsh-0,"Marsh-0
model"
Testset/Images_tif/15_HE_(d-4_x-4608_y-4608_w-2048_h-2048).tif,15,0.2656517028808594,Marsh-1,Marsh-0,Marsh-0
Testset/Images_tif/34_HE_(d-4_x-13824_y-26112_w-2048_h-2048).tif,34,0.29750823974609375,Marsh-1,Marsh-0,"Marsh-0
model"
Testset/Images_tif/68_HE_(d-4_x-15360_y-7680_w-2048_h-2048).tif,68,0.24722671508789062,Marsh-1,Marsh-3b,"Marsh-3b
model"
Testset/Images_tif/129_HE_(d-4_x-7680_y-30720_w-2048_h-2048).tif,129,0.12004852294921875,Marsh-3b,Marsh-3a,Marsh-3a
Testset/Images_tif/3_HE_(d-4_x-4608_y-9216_w-2048_h-2048).tif,3,0.3943443298339844,Marsh-0,Marsh-0,Marsh-0
Testset/Images_tif/115_HE_(d-4_x-32256_y-39936_w-2048_h-2048).tif,115,0.14389419555664062,Marsh-3a,Marsh-3b,Marsh-3b
Testset/Images_tif/30_HE_(d-4_x-33792_y-18432_w-2048_h-2048).tif,30,0.25191497802734375,Marsh-1,Marsh-1,"Marsh-1
model"
Testset/Images_tif/139_HE_(d-4_x-13824_y-6144_w-2048_h-2048).tif,139,0.020946502685546875,Marsh-3b,Marsh-3b,"Marsh-3b
model"
Testset/Images_tif/90_HE_(d-4_x-19968_y-6144_w-2048_h-2048).tif,90,0.225616455078125,Marsh-3a,Marsh-1,"Marsh-1
model"
Testset/Images_tif/3_HE_(d-4_x-3072_y-10752_w-2048_h-2048).tif,3,0.2761497497558594,Marsh-1,Marsh-1,"Marsh-1
model"
Testset/Images_tif/123_HE_(d-4_x-6144_y-10752_w-2048_h-2048).tif,123,0.18059921264648438,Marsh-3a,Marsh-3a,"Marsh-3a
model"
Testset/Images_tif/3_HE_(d-4_x-9216_y-12288_w-2048_h-2048).tif,3,0.11000442504882812,Marsh-3b,Marsh-3b,Marsh-3b
Testset/Images_tif/64_HE_(d-4_x-6144_y-16896_w-2048_h-2048).tif,64,0.32363128662109375,Marsh-1,Marsh-0,Marsh-0
Testset/Images_tif/64_HE_(d-4_x-9216_y-16896_w-2048_h-2048).tif,64,0.07828903198242188,Marsh-3b,Marsh-3b,"Marsh-3b
model"
Testset/Images_tif/57_HE_(d-4_x-6144_y-12288_w-2048_h-2048).tif,57,0.3224372863769531,Marsh-1,Marsh-3a,Marsh-3a
Testset/Images_tif/34_HE_(d-4_x-38400_y-27648_w-2048_h-2048).tif,34,0.3231391906738281,Marsh-1,Marsh-1,"Marsh-1
model"
Testset/Images_tif/123_HE_(d-4_x-9216_y-7680_w-2048_h-2048).tif,123,0.032489776611328125,Marsh-3b,Marsh-3b,"Marsh-3b
model"
Testset/Images_tif/24_HE_(d-4_x-9216_y-4608_w-2048_h-2048).tif,24,0.35936737060546875,Marsh-0,Marsh-0,Marsh-0
Testset/Images_tif/30_HE_(d-4_x-32256_y-27648_w-2048_h-2048).tif,30,0.1440277099609375,Marsh-3a,Marsh-3b,Marsh-3b
Testset/Images_tif/3_HE_(d-4_x-12288_y-9216_w-2048_h-2048).tif,3,0.4428558349609375,Marsh-0,Marsh-0,Marsh-0
Testset/Images_tif/143_HE_(d-4_x-9216_y-13824_w-2048_h-2048).tif,143,0.11049270629882812,Marsh-3b,Marsh-1,Marsh-1
Testset/Images_tif/129_HE_(d-4_x-10752_y-12288_w-2048_h-2048).tif,129,0.15410232543945312,Marsh-3a,Marsh-3a,"Marsh-3a
model"
Testset/Images_tif/75_HE_(d-4_x-16896_y-7680_w-2048_h-2048).tif,75,0.2762718200683594,Marsh-1,Marsh-1,"Marsh-1
model"
Testset/Images_tif/64_HE_(d-4_x-6144_y-21504_w-2048_h-2048).tif,64,0.23331451416015625,Marsh-3a,Marsh-1,Marsh-1
Testset/Images_tif/115_HE_(d-4_x-30720_y-38400_w-2048_h-2048).tif,115,0.1787567138671875,Marsh-3a,Marsh-3b,Marsh-3b
Testset/Images_tif/129_HE_(d-4_x-9216_y-15360_w-2048_h-2048).tif,129,0.15078353881835938,Marsh-3a,Marsh-3a,Marsh-3a
Testset/Images_tif/75_HE_(d-4_x-13824_y-6144_w-2048_h-2048).tif,75,0.15219879150390625,Marsh-3a,Marsh-3b,Marsh-3b
Testset/Images_tif/115_HE_(d-4_x-7680_y-36864_w-2048_h-2048).tif,115,0.3875617980957031,Marsh-0,Marsh-1,Marsh-1
Testset/Images_tif/23_HE_(d-4_x-7680_y-7680_w-2048_h-2048).tif,23,0.0,Marsh-3b,Marsh-3b,Marsh-3b
Testset/Images_tif/66_HE_(d-4_x-29184_y-18432_w-2048_h-2048).tif,66,0.3494911193847656,Marsh-0,Marsh-0,Marsh-0
Testset/Images_tif/30_HE_(d-4_x-35328_y-18432_w-2048_h-2048).tif,30,0.2516136169433594,Marsh-1,Marsh-1,"Marsh-1
model"
Testset/Images_tif/64_HE_(d-4_x-10752_y-13824_w-2048_h-2048).tif,64,0.0,Marsh-3b,Marsh-3b,Marsh-3b
Testset/Images_tif/15_HE_(d-4_x-15360_y-7680_w-2048_h-2048).tif,15,0.32543182373046875,Marsh-1,Marsh-0,"Marsh-0
model"
Testset/Images_tif/64_HE_(d-4_x-7680_y-23040_w-2048_h-2048).tif,64,0.07863998413085938,Marsh-3b,Marsh-3b,Marsh-3b
Testset/Images_tif/41_HE_(d-4_x-12288_y-3072_w-2048_h-2048).tif,41,0.17899703979492188,Marsh-3a,Marsh-3a,"Marsh-3a
model"
Testset/Images_tif/83_HE_(d-4_x-7680_y-6144_w-2048_h-2048).tif,83,0.017864227294921875,Marsh-3b,Marsh-3b,Marsh-3b
Testset/Images_tif/98_HE_(d-4_x-41472_y-7680_w-2048_h-2048).tif,98,0.6426582336425781,Marsh-0,Marsh-0,"Marsh-0
model"
Testset/Images_tif/34_HE_(d-4_x-41472_y-23040_w-2048_h-2048).tif,34,0.12602615356445312,Marsh-3b,Marsh-3b,Marsh-3b
Testset/Images_tif/6_HE_(d-4_x-7680_y-7680_w-2048_h-2048).tif,6,0.1237945556640625,Marsh-3b,Marsh-3b,Marsh-3b
Testset/Images_tif/115_HE_(d-4_x-4608_y-36864_w-2048_h-2048).tif,115,0.03525543212890625,Marsh-3b,Marsh-3b,Marsh-3b
Testset/Images_tif/34_HE_(d-4_x-10752_y-29184_w-2048_h-2048).tif,34,0.2542686462402344,Marsh-1,Marsh-1,"Marsh-1
model"
Testset/Images_tif/34_HE_(d-4_x-36864_y-35328_w-2048_h-2048).tif,34,0.06252670288085938,Marsh-3b,Marsh-3b,Marsh-3b
Testset/Images_tif/117_HE_(d-4_x-9216_y-4608_w-2048_h-2048).tif,117,0.219329833984375,Marsh-3a,Marsh-3a,"Marsh-3a
model"
Testset/Images_tif/44_HE_(d-4_x-9216_y-6144_w-2048_h-2048).tif,44,0.19350051879882812,Marsh-3a,Marsh-1,"Marsh-1
model"
Testset/Images_tif/7_HE_(d-4_x-10752_y-6144_w-2048_h-2048).tif,7,0.228759765625,Marsh-3a,Marsh-1,Marsh-1
Testset/Images_tif/64_HE_(d-4_x-23040_y-26112_w-2048_h-2048).tif,64,0.32820892333984375,Marsh-1,Marsh-1,"Marsh-1
model"
Testset/Images_tif/129_HE_(d-4_x-9216_y-36864_w-2048_h-2048).tif,129,0.2259674072265625,Marsh-3a,Marsh-3a,Marsh-3a
Testset/Images_tif/99_HE_(d-4_x-9216_y-9216_w-2048_h-2048).tif,99,0.4855766296386719,Marsh-0,Marsh-0,"Marsh-0
model"
Testset/Images_tif/64_HE_(d-4_x-9216_y-19968_w-2048_h-2048).tif,64,0.27933502197265625,Marsh-1,Marsh-1,"Marsh-1
model"
Testset/Images_tif/139_HE_(d-4_x-7680_y-9216_w-2048_h-2048).tif,139,0.2609443664550781,Marsh-1,Marsh-0,Marsh-0
Testset/Images_tif/115_HE_(d-4_x-32256_y-36864_w-2048_h-2048).tif,115,0.15142822265625,Marsh-3a,Marsh-3b,Marsh-3b
Testset/Images_tif/5_HE_(d-4_x-7680_y-4608_w-2048_h-2048).tif,5,0.24375152587890625,Marsh-1,Marsh-1,"Marsh-1
model"
Testset/Images_tif/75_HE_(d-4_x-6144_y-9216_w-2048_h-2048).tif,75,0.3845329284667969,Marsh-0,Marsh-0,Marsh-0
Testset/Images_tif/108_HE_(d-4_x-21504_y-9216_w-2048_h-2048).tif,108,0.08751678466796875,Marsh-3b,Marsh-3b,Marsh-3b
Testset/Images_tif/34_HE_(d-4_x-12288_y-26112_w-2048_h-2048).tif,34,0.3731880187988281,Marsh-0,Marsh-1,"Marsh-1
model"
Testset/Images_tif/57_HE_(d-4_x-7680_y-12288_w-2048_h-2048).tif,57,0.30718231201171875,Marsh-1,Marsh-1,"Marsh-1
model"
Testset/Images_tif/75_HE_(d-4_x-9216_y-12288_w-2048_h-2048).tif,75,0.0731353759765625,Marsh-3b,Marsh-3b,Marsh-3b
Testset/Images_tif/115_HE_(d-4_x-9216_y-35328_w-2048_h-2048).tif,115,0.28340911865234375,Marsh-1,Marsh-1,"Marsh-1
model"
Testset/Images_tif/143_HE_(d-4_x-10752_y-12288_w-2048_h-2048).tif,143,0.20444488525390625,Marsh-3a,Marsh-1,"Marsh-1
model"
Testset/Images_tif/5_HE_(d-4_x-16896_y-10752_w-2048_h-2048).tif,5,0.11540603637695312,Marsh-3b,Marsh-3a,"Marsh-3a
model"
Testset/Images_tif/144_HE_(d-4_x-12288_y-4608_w-2048_h-2048).tif,144,0.280548095703125,Marsh-1,Marsh-1,"Marsh-1
model"
Testset/Images_tif/69_HE_(d-4_x-6144_y-27648_w-2048_h-2048).tif,69,0.140472412109375,Marsh-3a,Marsh-3b,Marsh-3b
Testset/Images_tif/6_HE_(d-4_x-10752_y-4608_w-2048_h-2048).tif,6,0.23565673828125,Marsh-1,Marsh-3b,Marsh-3b
Testset/Images_tif/143_HE_(d-4_x-16896_y-12288_w-2048_h-2048).tif,143,0.13689804077148438,Marsh-3a,Marsh-3a,Marsh-3a
Testset/Images_tif/9_HE_(d-4_x-16896_y-4608_w-2048_h-2048).tif,9,0.4348030090332031,Marsh-0,Marsh-0,Marsh-0
Testset/Images_tif/99_HE_(d-4_x-30720_y-10752_w-2048_h-2048).tif,99,0.2464447021484375,Marsh-1,Marsh-0,"Marsh-0
model"
Testset/Images_tif/68_HE_(d-4_x-18432_y-4608_w-2048_h-2048).tif,68,0.39896392822265625,Marsh-0,Marsh-0,"Marsh-0
model"
Testset/Images_tif/115_HE_(d-4_x-13824_y-46080_w-2048_h-2048).tif,115,0.1632537841796875,Marsh-3a,Marsh-3b,Marsh-3b
Testset/Images_tif/129_HE_(d-4_x-9216_y-30720_w-2048_h-2048).tif,129,0.10212326049804688,Marsh-3b,Marsh-3b,Marsh-3b
Testset/Images_tif/3_HE_(d-4_x-4608_y-10752_w-2048_h-2048).tif,3,0.4099464416503906,Marsh-0,Marsh-0,Marsh-0
Testset/Images_tif/139_HE_(d-4_x-7680_y-10752_w-2048_h-2048).tif,139,0.13680267333984375,Marsh-3a,Marsh-1,"Marsh-1
model"
Testset/Images_tif/143_HE_(d-4_x-7680_y-12288_w-2048_h-2048).tif,143,0.21491622924804688,Marsh-3a,Marsh-1,"Marsh-1
model"
Testset/Images_tif/115_HE_(d-4_x-10752_y-41472_w-2048_h-2048).tif,115,0.0,Marsh-3b,Marsh-3b,Marsh-3b
Testset/Images_tif/20_HE_(d-4_x-16896_y-7680_w-2048_h-2048).tif,20,0.2077178955078125,Marsh-3a,Marsh-1,"Marsh-1
model"
Testset/Images_tif/6_HE_(d-4_x-7680_y-1536_w-2048_h-2048).tif,6,0.13573837280273438,Marsh-3a,Marsh-3a,"Marsh-3a
model"
Testset/Images_tif/69_HE_(d-4_x-21504_y-24576_w-2048_h-2048).tif,69,0.16901016235351562,Marsh-3a,Marsh-3b,Marsh-3b
Testset/Images_tif/75_HE_(d-4_x-13824_y-9216_w-2048_h-2048).tif,75,0.0,Marsh-3b,Marsh-3b,Marsh-3b
Testset/Images_tif/83_HE_(d-4_x-7680_y-10752_w-2048_h-2048).tif,83,0.14665985107421875,Marsh-3a,Marsh-3b,Marsh-3b
Testset/Images_tif/7_HE_(d-4_x-6144_y-4608_w-2048_h-2048).tif,7,0.18127822875976562,Marsh-3a,Marsh-3b,Marsh-3b
Testset/Images_tif/34_HE_(d-4_x-38400_y-26112_w-2048_h-2048).tif,34,0.1988372802734375,Marsh-3a,Marsh-3a,"Marsh-3a
model"
Testset/Images_tif/61_HE_(d-4_x-10752_y-16896_w-2048_h-2048).tif,61,0.3111457824707031,Marsh-1,Marsh-3a,"Marsh-3a
model"
Testset/Images_tif/61_HE_(d-4_x-15360_y-21504_w-2048_h-2048).tif,61,0.002872467041015625,Marsh-3b,Marsh-3b,Marsh-3b
Testset/Images_tif/83_HE_(d-4_x-9216_y-9216_w-2048_h-2048).tif,83,0.37076568603515625,Marsh-0,Marsh-1,"Marsh-1
model"
Testset/Images_tif/57_HE_(d-4_x-13824_y-13824_w-2048_h-2048).tif,57,0.1236724853515625,Marsh-3b,Marsh-3b,Marsh-3b
Testset/Images_tif/143_HE_(d-4_x-4608_y-6144_w-2048_h-2048).tif,143,0.09600448608398438,Marsh-3b,Marsh-3b,Marsh-3b
Testset/Images_tif/9_HE_(d-4_x-6144_y-9216_w-2048_h-2048).tif,9,0.36679840087890625,Marsh-0,Marsh-1,"Marsh-1
model"
Testset/Images_tif/3_HE_(d-4_x-10752_y-9216_w-2048_h-2048).tif,3,0.3500404357910156,Marsh-0,Marsh-1,Marsh-1
Testset/Images_tif/83_HE_(d-4_x-3072_y-6144_w-2048_h-2048).tif,83,0.206268310546875,Marsh-3a,Marsh-3a,"Marsh-3a
model"
Testset/Images_tif/5_HE_(d-4_x-10752_y-6144_w-2048_h-2048).tif,5,0.21957015991210938,Marsh-3a,Marsh-1,"Marsh-1
model"
Testset/Images_tif/90_HE_(d-4_x-6144_y-9216_w-2048_h-2048).tif,90,0.123687744140625,Marsh-3b,Marsh-3b,Marsh-3b
Testset/Images_tif/83_HE_(d-4_x-4608_y-7680_w-2048_h-2048).tif,83,0.3753814697265625,Marsh-0,Marsh-0,"Marsh-0
model"
Testset/Images_tif/98_HE_(d-4_x-7680_y-10752_w-2048_h-2048).tif,98,0.171661376953125,Marsh-3a,Marsh-3b,Marsh-3b
Testset/Images_tif/98_HE_(d-4_x-4608_y-9216_w-2048_h-2048).tif,98,0.4045677185058594,Marsh-0,Marsh-0,Marsh-0
Testset/Images_tif/129_HE_(d-4_x-10752_y-16896_w-2048_h-2048).tif,129,0.0,Marsh-3b,Marsh-3b,Marsh-3b
Testset/Images_tif/98_HE_(d-4_x-7680_y-9216_w-2048_h-2048).tif,98,0.095489501953125,Marsh-3b,Marsh-3b,Marsh-3b
Testset/Images_tif/75_HE_(d-4_x-6144_y-12288_w-2048_h-2048).tif,75,0.3409156799316406,Marsh-0,Marsh-0,Marsh-0
Testset/Images_tif/98_HE_(d-4_x-9216_y-7680_w-2048_h-2048).tif,98,0.3367958068847656,Marsh-1,Marsh-1,"Marsh-1
model"
Testset/Images_tif/98_HE_(d-4_x-38400_y-3072_w-2048_h-2048).tif,98,0.16202163696289062,Marsh-3a,Marsh-3b,"Marsh-3b
model"
Testset/Images_tif/129_HE_(d-4_x-7680_y-13824_w-2048_h-2048).tif,129,0.2245941162109375,Marsh-3a,Marsh-3a,"Marsh-3a
model"
Testset/Images_tif/64_HE_(d-4_x-24576_y-24576_w-2048_h-2048).tif,64,0.233306884765625,Marsh-3a,Marsh-1,"Marsh-1
model"
Testset/Images_tif/20_HE_(d-4_x-13824_y-9216_w-2048_h-2048).tif,20,0.3253936767578125,Marsh-1,Marsh-1,"Marsh-1
model"
Testset/Images_tif/107_HE_(d-4_x-1536_y-9216_w-2048_h-2048).tif,107,0.21619033813476562,Marsh-3a,Marsh-1,"Marsh-1
model"
Testset/Images_tif/143_HE_(d-4_x-18432_y-12288_w-2048_h-2048).tif,143,0.31032562255859375,Marsh-1,Marsh-0,"Marsh-0
model"
Testset/Images_tif/83_HE_(d-4_x-9216_y-6144_w-2048_h-2048).tif,83,0.047595977783203125,Marsh-3b,Marsh-3b,Marsh-3b
Testset/Images_tif/139_HE_(d-4_x-12288_y-7680_w-2048_h-2048).tif,139,0.0,Marsh-3b,Marsh-3b,Marsh-3b
Testset/Images_tif/5_HE_(d-4_x-3072_y-4608_w-2048_h-2048).tif,5,0.18352508544921875,Marsh-3a,Marsh-1,"Marsh-1
model"
Testset/Images_tif/129_HE_(d-4_x-6144_y-35328_w-2048_h-2048).tif,129,0.03530120849609375,Marsh-3b,Marsh-3b,"Marsh-3b
model"
Testset/Images_tif/5_HE_(d-4_x-13824_y-10752_w-2048_h-2048).tif,5,0.28118133544921875,Marsh-1,Marsh-0,"Marsh-0
model"
Testset/Images_tif/44_HE_(d-4_x-7680_y-4608_w-2048_h-2048).tif,44,0.3038520812988281,Marsh-1,Marsh-0,"Marsh-0
model"
Testset/Images_tif/75_HE_(d-4_x-7680_y-10752_w-2048_h-2048).tif,75,0.2525291442871094,Marsh-1,Marsh-1,"Marsh-1
model"
Testset/Images_tif/34_HE_(d-4_x-39936_y-29184_w-2048_h-2048).tif,34,0.1660614013671875,Marsh-3a,Marsh-3b,"Marsh-3b
model"
Testset/Images_tif/7_HE_(d-4_x-15360_y-6144_w-2048_h-2048).tif,7,0.07646560668945312,Marsh-3b,Marsh-3b,Marsh-3b
Testset/Images_tif/6_HE_(d-4_x-9216_y-3072_w-2048_h-2048).tif,6,0.41262054443359375,Marsh-0,Marsh-1,"Marsh-1
model"
Testset/Images_tif/90_HE_(d-4_x-10752_y-10752_w-2048_h-2048).tif,90,0.31221771240234375,Marsh-1,Marsh-1,"Marsh-1
model"
Testset/Images_tif/75_HE_(d-4_x-10752_y-12288_w-2048_h-2048).tif,75,0.0091552734375,Marsh-3b,Marsh-3b,Marsh-3b
Testset/Images_tif/3_HE_(d-4_x-12288_y-10752_w-2048_h-2048).tif,3,0.23324966430664062,Marsh-3a,Marsh-3a,"Marsh-3a
model"
Testset/Images_tif/64_HE_(d-4_x-12288_y-15360_w-2048_h-2048).tif,64,0.06036376953125,Marsh-3b,Marsh-3b,Marsh-3b
Testset/Images_tif/115_HE_(d-4_x-27648_y-33792_w-2048_h-2048).tif,115,0.13409042358398438,Marsh-3b,Marsh-3a,Marsh-3a
Testset/Images_tif/69_HE_(d-4_x-24576_y-24576_w-2048_h-2048).tif,69,0.057712554931640625,Marsh-3b,Marsh-3b,Marsh-3b
Testset/Images_tif/108_HE_(d-4_x-26112_y-7680_w-2048_h-2048).tif,108,0.13248443603515625,Marsh-3b,Marsh-3a,"Marsh-3a
model"
Testset/Images_tif/75_HE_(d-4_x-15360_y-9216_w-2048_h-2048).tif,75,0.09966659545898438,Marsh-3b,Marsh-3b,Marsh-3b
Testset/Images_tif/99_HE_(d-4_x-12288_y-9216_w-2048_h-2048).tif,99,0.1080474853515625,Marsh-3b,Marsh-3b,"Marsh-3b
model"
Testset/Images_tif/143_HE_(d-4_x-15360_y-10752_w-2048_h-2048).tif,143,0.12374496459960938,Marsh-3b,Marsh-3b,Marsh-3b
Testset/Images_tif/115_HE_(d-4_x-7680_y-38400_w-2048_h-2048).tif,115,0.09949493408203125,Marsh-3b,Marsh-3b,Marsh-3b
Testset/Images_tif/61_HE_(d-4_x-9216_y-19968_w-2048_h-2048).tif,61,0.12558746337890625,Marsh-3b,Marsh-3b,Marsh-3b
Testset/Images_tif/99_HE_(d-4_x-30720_y-9216_w-2048_h-2048).tif,99,0.204193115234375,Marsh-3a,Marsh-1,"Marsh-1
model"
Testset/Images_tif/110_HE_(d-4_x-13824_y-4608_w-2048_h-2048).tif,110,0.2498779296875,Marsh-1,Marsh-0,"Marsh-0
model"
Testset/Images_tif/108_HE_(d-4_x-26112_y-4608_w-2048_h-2048).tif,108,0.19416046142578125,Marsh-3a,Marsh-1,"Marsh-1
model"
Testset/Images_tif/66_HE_(d-4_x-10752_y-15360_w-2048_h-2048).tif,66,0.2862281799316406,Marsh-1,Marsh-1,Marsh-1
Testset/Images_tif/34_HE_(d-4_x-6144_y-30720_w-2048_h-2048).tif,34,0.1685333251953125,Marsh-3a,Marsh-3a,Marsh-3a
Testset/Images_tif/99_HE_(d-4_x-27648_y-9216_w-2048_h-2048).tif,99,0.13126373291015625,Marsh-3b,Marsh-3b,Marsh-3b
Testset/Images_tif/75_HE_(d-4_x-13824_y-7680_w-2048_h-2048).tif,75,0.06785964965820312,Marsh-3b,Marsh-3b,Marsh-3b
Testset/Images_tif/3_HE_(d-4_x-9216_y-10752_w-2048_h-2048).tif,3,0.24106979370117188,Marsh-1,Marsh-1,Marsh-1
Testset/Images_tif/57_HE_(d-4_x-10752_y-12288_w-2048_h-2048).tif,57,0.2758369445800781,Marsh-1,Marsh-0,Marsh-0
Testset/Images_tif/44_HE_(d-4_x-18432_y-4608_w-2048_h-2048).tif,44,0.17107009887695312,Marsh-3a,Marsh-3b,Marsh-3b
Testset/Images_tif/143_HE_(d-4_x-26112_y-7680_w-2048_h-2048).tif,143,0.1907196044921875,Marsh-3a,Marsh-3a,"Marsh-3a
model"
Testset/Images_tif/34_HE_(d-4_x-10752_y-23040_w-2048_h-2048).tif,34,0.12563705444335938,Marsh-3b,Marsh-3b,Marsh-3b
Testset/Images_tif/139_HE_(d-4_x-13824_y-9216_w-2048_h-2048).tif,139,0.032878875732421875,Marsh-3b,Marsh-3b,Marsh-3b
Testset/Images_tif/139_HE_(d-4_x-12288_y-9216_w-2048_h-2048).tif,139,0.0,Marsh-3b,Marsh-3b,Marsh-3b
Testset/Images_tif/99_HE_(d-4_x-30720_y-12288_w-2048_h-2048).tif,99,0.20317840576171875,Marsh-3a,Marsh-1,"Marsh-1
model"
Testset/Images_tif/129_HE_(d-4_x-19968_y-13824_w-2048_h-2048).tif,129,0.20999908447265625,Marsh-3a,Marsh-3b,"Marsh-3b
model"
Testset/Images_tif/3_HE_(d-4_x-7680_y-12288_w-2048_h-2048).tif,3,0.14122390747070312,Marsh-3a,Marsh-3b,Marsh-3b
Testset/Images_tif/6_HE_(d-4_x-7680_y-3072_w-2048_h-2048).tif,6,0.3345298767089844,Marsh-1,Marsh-1,Marsh-1
Testset/Images_tif/24_HE_(d-4_x-6144_y-4608_w-2048_h-2048).tif,24,0.2699012756347656,Marsh-1,Marsh-1,"Marsh-1
model"
Testset/Images_tif/44_HE_(d-4_x-16896_y-3072_w-2048_h-2048).tif,44,0.3542366027832031,Marsh-0,Marsh-0,"Marsh-0
model"
Testset/Images_tif/41_HE_(d-4_x-3072_y-6144_w-2048_h-2048).tif,41,0.2571525573730469,Marsh-1,Marsh-3a,Marsh-3a
Testset/Images_tif/69_HE_(d-4_x-6144_y-26112_w-2048_h-2048).tif,69,0.44446563720703125,Marsh-0,Marsh-1,"Marsh-1
model"
Testset/Images_tif/9_HE_(d-4_x-10752_y-7680_w-2048_h-2048).tif,9,0.36568450927734375,Marsh-0,Marsh-3a,Marsh-3a
Testset/Images_tif/37_HE_(d-4_x-13824_y-9216_w-2048_h-2048).tif,37,0.42729949951171875,Marsh-0,Marsh-0,"Marsh-0
model"
Testset/Images_tif/139_HE_(d-4_x-4608_y-7680_w-2048_h-2048).tif,139,0.07683563232421875,Marsh-3b,Marsh-1,"Marsh-1
model"
Testset/Images_tif/57_HE_(d-4_x-24576_y-9216_w-2048_h-2048).tif,57,0.3765602111816406,Marsh-0,Marsh-0,"Marsh-0
model"
Testset/Images_tif/143_HE_(d-4_x-24576_y-9216_w-2048_h-2048).tif,143,0.15398406982421875,Marsh-3a,Marsh-1,"Marsh-1
model"
Testset/Images_tif/57_HE_(d-4_x-4608_y-12288_w-2048_h-2048).tif,57,0.09824752807617188,Marsh-3b,Marsh-3b,Marsh-3b
Testset/Images_tif/15_HE_(d-4_x-13824_y-7680_w-2048_h-2048).tif,15,0.13936614990234375,Marsh-3a,Marsh-3b,Marsh-3b
Testset/Images_tif/9_HE_(d-4_x-10752_y-6144_w-2048_h-2048).tif,9,0.3083839416503906,Marsh-1,Marsh-3a,Marsh-3a
Testset/Images_tif/144_HE_(d-4_x-7680_y-4608_w-2048_h-2048).tif,144,0.14467620849609375,Marsh-3a,Marsh-3b,"Marsh-3b
model"
Testset/Images_tif/68_HE_(d-4_x-18432_y-6144_w-2048_h-2048).tif,68,0.2681159973144531,Marsh-1,Marsh-3a,Marsh-3a
Testset/Images_tif/75_HE_(d-4_x-18432_y-9216_w-2048_h-2048).tif,75,0.10686492919921875,Marsh-3b,Marsh-3b,Marsh-3b
Testset/Images_tif/44_HE_(d-4_x-4608_y-6144_w-2048_h-2048).tif,44,0.13256454467773438,Marsh-3b,Marsh-3a,"Marsh-3a
model"
Testset/Images_tif/144_HE_(d-4_x-9216_y-6144_w-2048_h-2048).tif,144,0.2627754211425781,Marsh-1,Marsh-1,"Marsh-1
model"
Testset/Images_tif/9_HE_(d-4_x-7680_y-10752_w-2048_h-2048).tif,9,0.15430831909179688,Marsh-3a,Marsh-3b,Marsh-3b
Testset/Images_tif/37_HE_(d-4_x-13824_y-10752_w-2048_h-2048).tif,37,0.22266006469726562,Marsh-3a,Marsh-1,"Marsh-1
model"
Testset/Images_tif/66_HE_(d-4_x-32256_y-18432_w-2048_h-2048).tif,66,0.4225349426269531,Marsh-0,Marsh-0,"Marsh-0
model"
Testset/Images_tif/115_HE_(d-4_x-6144_y-35328_w-2048_h-2048).tif,115,0.21774673461914062,Marsh-3a,Marsh-1,"Marsh-1
model"
Testset/Images_tif/98_HE_(d-4_x-9216_y-12288_w-2048_h-2048).tif,98,0.12882232666015625,Marsh-3b,Marsh-3b,Marsh-3b
Testset/Images_tif/66_HE_(d-4_x-26112_y-13824_w-2048_h-2048).tif,66,0.3398284912109375,Marsh-0,Marsh-1,"Marsh-1
model"
Testset/Images_tif/139_HE_(d-4_x-12288_y-6144_w-2048_h-2048).tif,139,0.0,Marsh-3b,Marsh-3b,Marsh-3b
Testset/Images_tif/15_HE_(d-4_x-4608_y-6144_w-2048_h-2048).tif,15,0.239105224609375,Marsh-1,Marsh-3a,"Marsh-3a
model"
Testset/Images_tif/64_HE_(d-4_x-26112_y-18432_w-2048_h-2048).tif,64,0.3265533447265625,Marsh-1,Marsh-0,"Marsh-0
model"
Testset/Images_tif/20_HE_(d-4_x-16896_y-9216_w-2048_h-2048).tif,20,0.4828224182128906,Marsh-0,Marsh-0,"Marsh-0
model"
Testset/Images_tif/3_HE_(d-4_x-7680_y-9216_w-2048_h-2048).tif,3,0.28774261474609375,Marsh-1,Marsh-1,Marsh-1
Testset/Images_tif/34_HE_(d-4_x-13824_y-30720_w-2048_h-2048).tif,34,0.07667160034179688,Marsh-3b,Marsh-3b,Marsh-3b
Testset/Images_tif/90_HE_(d-4_x-7680_y-7680_w-2048_h-2048).tif,90,0.12540435791015625,Marsh-3b,Marsh-3a,Marsh-3a
Testset/Images_tif/99_HE_(d-4_x-7680_y-9216_w-2048_h-2048).tif,99,0.3059730529785156,Marsh-1,Marsh-0,Marsh-0
Testset/Images_tif/139_HE_(d-4_x-4608_y-3072_w-2048_h-2048).tif,139,0.0,Marsh-3b,Marsh-3b,Marsh-3b
Testset/Images_tif/83_HE_(d-4_x-6144_y-9216_w-2048_h-2048).tif,83,0.3241996765136719,Marsh-1,Marsh-1,"Marsh-1
model"
Testset/Images_tif/108_HE_(d-4_x-9216_y-16896_w-2048_h-2048).tif,108,0.16455078125,Marsh-3a,Marsh-3b,Marsh-3b
Testset/Images_tif/143_HE_(d-4_x-13824_y-13824_w-2048_h-2048).tif,143,0.3483314514160156,Marsh-0,Marsh-0,"Marsh-0
model"
Testset/Images_tif/7_HE_(d-4_x-15360_y-7680_w-2048_h-2048).tif,7,0.09007644653320312,Marsh-3b,Marsh-3b,Marsh-3b
Testset/Images_tif/64_HE_(d-4_x-24576_y-19968_w-2048_h-2048).tif,64,0.31219482421875,Marsh-1,Marsh-1,Marsh-1
Testset/Images_tif/110_HE_(d-4_x-9216_y-4608_w-2048_h-2048).tif,110,0.2556610107421875,Marsh-1,Marsh-1,"Marsh-1
model"
Testset/Images_tif/30_HE_(d-4_x-33792_y-30720_w-2048_h-2048).tif,30,0.2724189758300781,Marsh-1,Marsh-1,"Marsh-1
model"
Testset/Images_tif/61_HE_(d-4_x-3072_y-4608_w-2048_h-2048).tif,61,0.043224334716796875,Marsh-3b,Marsh-3b,Marsh-3b
Testset/Images_tif/57_HE_(d-4_x-23040_y-7680_w-2048_h-2048).tif,57,0.3302001953125,Marsh-1,Marsh-1,Marsh-1
Testset/Images_tif/64_HE_(d-4_x-7680_y-18432_w-2048_h-2048).tif,64,0.21590423583984375,Marsh-3a,Marsh-1,Marsh-1
Testset/Images_tif/143_HE_(d-4_x-7680_y-9216_w-2048_h-2048).tif,143,0.179473876953125,Marsh-3a,Marsh-3a,"Marsh-3a
model"
Testset/Images_tif/99_HE_(d-4_x-29184_y-10752_w-2048_h-2048).tif,99,0.3441581726074219,Marsh-0,Marsh-1,"Marsh-1
model"
Testset/Images_tif/69_HE_(d-4_x-4608_y-24576_w-2048_h-2048).tif,69,0.12043380737304688,Marsh-3b,Marsh-3b,Marsh-3b
Testset/Images_tif/24_HE_(d-4_x-7680_y-4608_w-2048_h-2048).tif,24,0.4299163818359375,Marsh-0,Marsh-0,"Marsh-0
model"
Testset/Images_tif/66_HE_(d-4_x-7680_y-7680_w-2048_h-2048).tif,66,0.2678565979003906,Marsh-1,Marsh-1,"Marsh-1
model"
Testset/Images_tif/90_HE_(d-4_x-15360_y-7680_w-2048_h-2048).tif,90,0.3405914306640625,Marsh-0,Marsh-1,"Marsh-1
model"
Testset/Images_tif/61_HE_(d-4_x-6144_y-4608_w-2048_h-2048).tif,61,0.3053474426269531,Marsh-1,Marsh-1,"Marsh-1
model"
Testset/Images_tif/34_HE_(d-4_x-9216_y-29184_w-2048_h-2048).tif,34,0.16604232788085938,Marsh-3a,Marsh-3a,Marsh-3a
Testset/Images_tif/28_HE_(d-4_x-13824_y-4608_w-2048_h-2048).tif,28,0.4541511535644531,Marsh-0,Marsh-0,"Marsh-0
model"
Testset/Images_tif/66_HE_(d-4_x-10752_y-9216_w-2048_h-2048).tif,66,0.2587165832519531,Marsh-1,Marsh-1,"Marsh-1
model"
Testset/Images_tif/139_HE_(d-4_x-4608_y-4608_w-2048_h-2048).tif,139,0.0081939697265625,Marsh-3b,Marsh-3b,Marsh-3b
Testset/Images_tif/83_HE_(d-4_x-4608_y-10752_w-2048_h-2048).tif,83,0.22368240356445312,Marsh-3a,Marsh-3a,"Marsh-3a
model"
Testset/Images_tif/23_HE_(d-4_x-7680_y-6144_w-2048_h-2048).tif,23,0.0,Marsh-3b,Marsh-3b,"Marsh-3b
model"
Testset/Images_tif/24_HE_(d-4_x-7680_y-6144_w-2048_h-2048).tif,24,0.3742523193359375,Marsh-0,Marsh-0,Marsh-0
Testset/Images_tif/5_HE_(d-4_x-13824_y-7680_w-2048_h-2048).tif,5,0.5251083374023438,Marsh-0,Marsh-0,Marsh-0
Testset/Images_tif/129_HE_(d-4_x-9216_y-12288_w-2048_h-2048).tif,129,0.13410186767578125,Marsh-3b,Marsh-3b,"Marsh-3b
model"
Testset/Images_tif/34_HE_(d-4_x-36864_y-33792_w-2048_h-2048).tif,34,0.28911590576171875,Marsh-1,Marsh-3b,Marsh-3b
Testset/Images_tif/57_HE_(d-4_x-12288_y-13824_w-2048_h-2048).tif,57,0.3418426513671875,Marsh-0,Marsh-0,"Marsh-0
model"
Testset/Images_tif/123_HE_(d-4_x-4608_y-7680_w-2048_h-2048).tif,123,0.34796142578125,Marsh-0,Marsh-1,"Marsh-1
model"
Testset/Images_tif/139_HE_(d-4_x-7680_y-4608_w-2048_h-2048).tif,139,0.0,Marsh-3b,Marsh-3b,Marsh-3b
Testset/Images_tif/139_HE_(d-4_x-10752_y-6144_w-2048_h-2048).tif,139,0.0,Marsh-3b,Marsh-3b,Marsh-3b
Testset/Images_tif/68_HE_(d-4_x-13824_y-7680_w-2048_h-2048).tif,68,0.2917022705078125,Marsh-1,Marsh-1,"Marsh-1
model"
Testset/Images_tif/115_HE_(d-4_x-6144_y-36864_w-2048_h-2048).tif,115,0.2530021667480469,Marsh-1,Marsh-3a,Marsh-3a
Testset/Images_tif/144_HE_(d-4_x-6144_y-4608_w-2048_h-2048).tif,144,0.1873321533203125,Marsh-3a,Marsh-3a,"Marsh-3a
model"
Testset/Images_tif/123_HE_(d-4_x-6144_y-7680_w-2048_h-2048).tif,123,0.10793685913085938,Marsh-3b,Marsh-3a,Marsh-3a
Testset/Images_tif/129_HE_(d-4_x-9216_y-32256_w-2048_h-2048).tif,129,0.0449066162109375,Marsh-3b,Marsh-3b,Marsh-3b
Testset/Images_tif/90_HE_(d-4_x-4608_y-9216_w-2048_h-2048).tif,90,0.2754631042480469,Marsh-1,Marsh-0,Marsh-0
Testset/Images_tif/99_HE_(d-4_x-10752_y-9216_w-2048_h-2048).tif,99,0.518463134765625,Marsh-0,Marsh-0,"Marsh-0
model"
Testset/Images_tif/57_HE_(d-4_x-27648_y-6144_w-2048_h-2048).tif,57,0.21673583984375,Marsh-3a,Marsh-3a,"Marsh-3a
model"
Testset/Images_tif/57_HE_(d-4_x-21504_y-7680_w-2048_h-2048).tif,57,0.5251541137695312,Marsh-0,Marsh-0,Marsh-0
Testset/Images_tif/7_HE_(d-4_x-4608_y-3072_w-2048_h-2048).tif,7,0.043529510498046875,Marsh-3b,Marsh-3b,Marsh-3b
Testset/Images_tif/37_HE_(d-4_x-15360_y-12288_w-2048_h-2048).tif,37,0.1156005859375,Marsh-3b,Marsh-3b,Marsh-3b
Testset/Images_tif/44_HE_(d-4_x-6144_y-4608_w-2048_h-2048).tif,44,0.2864875793457031,Marsh-1,Marsh-0,"Marsh-0
model"
Testset/Images_tif/90_HE_(d-4_x-7680_y-9216_w-2048_h-2048).tif,90,0.02971649169921875,Marsh-3b,Marsh-3b,Marsh-3b
Testset/Images_tif/99_HE_(d-4_x-6144_y-10752_w-2048_h-2048).tif,99,0.14883041381835938,Marsh-3a,Marsh-3b,"Marsh-3b
model"
Testset/Images_tif/37_HE_(d-4_x-13824_y-12288_w-2048_h-2048).tif,37,0.3973884582519531,Marsh-0,Marsh-1,"Marsh-1
model"
Testset/Images_tif/6_HE_(d-4_x-12288_y-4608_w-2048_h-2048).tif,6,0.040576934814453125,Marsh-3b,Marsh-3b,Marsh-3b
Testset/Images_tif/110_HE_(d-4_x-9216_y-1536_w-2048_h-2048).tif,110,0.12379837036132812,Marsh-3b,Marsh-3a,"Marsh-3a
model"
Testset/Images_tif/7_HE_(d-4_x-7680_y-7680_w-2048_h-2048).tif,7,0.4356651306152344,Marsh-0,Marsh-0,"Marsh-0
model"
Testset/Images_tif/57_HE_(d-4_x-9216_y-10752_w-2048_h-2048).tif,57,0.053653717041015625,Marsh-3b,Marsh-3b,Marsh-3b
Testset/Images_tif/68_HE_(d-4_x-16896_y-4608_w-2048_h-2048).tif,68,0.3189506530761719,Marsh-1,Marsh-1,"Marsh-1
model"
Testset/Images_tif/123_HE_(d-4_x-12288_y-6144_w-2048_h-2048).tif,123,0.31658172607421875,Marsh-1,Marsh-1,"Marsh-1
model"
Testset/Images_tif/115_HE_(d-4_x-9216_y-46080_w-2048_h-2048).tif,115,0.3564033508300781,Marsh-0,Marsh-1,"Marsh-1
model"
Testset/Images_tif/37_HE_(d-4_x-6144_y-3072_w-2048_h-2048).tif,37,0.23741531372070312,Marsh-1,Marsh-1,"Marsh-1
model"
Testset/Images_tif/143_HE_(d-4_x-23040_y-9216_w-2048_h-2048).tif,143,0.4378204345703125,Marsh-0,Marsh-0,"Marsh-0
model"
Testset/Images_tif/139_HE_(d-4_x-7680_y-3072_w-2048_h-2048).tif,139,0.0,Marsh-3b,Marsh-3b,Marsh-3b
Testset/Images_tif/139_HE_(d-4_x-13824_y-7680_w-2048_h-2048).tif,139,0.034389495849609375,Marsh-3b,Marsh-3b,Marsh-3b
Testset/Images_tif/110_HE_(d-4_x-6144_y-4608_w-2048_h-2048).tif,110,0.19721603393554688,Marsh-3a,Marsh-3a,Marsh-3a
Testset/Images_tif/30_HE_(d-4_x-33792_y-21504_w-2048_h-2048).tif,30,0.18395233154296875,Marsh-3a,Marsh-3a,Marsh-3a
Testset/Images_tif/66_HE_(d-4_x-27648_y-15360_w-2048_h-2048).tif,66,0.25350189208984375,Marsh-1,Marsh-0,Marsh-0
Testset/Images_tif/44_HE_(d-4_x-12288_y-7680_w-2048_h-2048).tif,44,0.045154571533203125,Marsh-3b,Marsh-3b,Marsh-3b
Testset/Images_tif/143_HE_(d-4_x-15360_y-13824_w-2048_h-2048).tif,143,0.18251419067382812,Marsh-3a,Marsh-3a,"Marsh-3a
model"
Testset/Images_tif/23_HE_(d-4_x-9216_y-7680_w-2048_h-2048).tif,23,0.008281707763671875,Marsh-3b,Marsh-3b,Marsh-3b
Testset/Images_tif/5_HE_(d-4_x-18432_y-9216_w-2048_h-2048).tif,5,0.25917816162109375,Marsh-1,Marsh-1,"Marsh-1
model"
Testset/Images_tif/34_HE_(d-4_x-12288_y-29184_w-2048_h-2048).tif,34,0.316619873046875,Marsh-1,Marsh-0,Marsh-0
Testset/Images_tif/41_HE_(d-4_x-3072_y-4608_w-2048_h-2048).tif,41,0.11012649536132812,Marsh-3b,Marsh-3b,Marsh-3b
Testset/Images_tif/110_HE_(d-4_x-4608_y-6144_w-2048_h-2048).tif,110,0.2553367614746094,Marsh-1,Marsh-1,"Marsh-1
model"
Testset/Images_tif/90_HE_(d-4_x-18432_y-6144_w-2048_h-2048).tif,90,0.3006477355957031,Marsh-1,Marsh-1,"Marsh-1
model"
Testset/Images_tif/64_HE_(d-4_x-26112_y-15360_w-2048_h-2048).tif,64,0.13457107543945312,Marsh-3b,Marsh-3a,Marsh-3a
Testset/Images_tif/3_HE_(d-4_x-13824_y-9216_w-2048_h-2048).tif,3,0.3130455017089844,Marsh-1,Marsh-0,Marsh-0
Testset/Images_tif/30_HE_(d-4_x-35328_y-29184_w-2048_h-2048).tif,30,0.30899810791015625,Marsh-1,Marsh-0,"Marsh-0
model"
Testset/Images_tif/123_HE_(d-4_x-7680_y-4608_w-2048_h-2048).tif,123,0.4340667724609375,Marsh-0,Marsh-0,"Marsh-0
model"
Testset/Images_tif/129_HE_(d-4_x-12288_y-16896_w-2048_h-2048).tif,129,0.004116058349609375,Marsh-3b,Marsh-3a,Marsh-3a
Testset/Images_tif/115_HE_(d-4_x-27648_y-36864_w-2048_h-2048).tif,115,0.03891754150390625,Marsh-3b,Marsh-3b,Marsh-3b
Testset/Images_tif/6_HE_(d-4_x-4608_y-3072_w-2048_h-2048).tif,6,0.005435943603515625,Marsh-3b,Marsh-3b,Marsh-3b
Testset/Images_tif/30_HE_(d-4_x-32256_y-30720_w-2048_h-2048).tif,30,0.2046966552734375,Marsh-3a,Marsh-3a,"Marsh-3a
model"
Testset/Images_tif/5_HE_(d-4_x-12288_y-10752_w-2048_h-2048).tif,5,0.35814666748046875,Marsh-0,Marsh-0,"Marsh-0
model"
Testset/Images_tif/41_HE_(d-4_x-15360_y-3072_w-2048_h-2048).tif,41,0.1009063720703125,Marsh-3b,Marsh-3b,"Marsh-3b
model"
Testset/Images_tif/61_HE_(d-4_x-10752_y-19968_w-2048_h-2048).tif,61,0.3903999328613281,Marsh-0,Marsh-0,"Marsh-0
model"
Testset/Images_tif/143_HE_(d-4_x-23040_y-12288_w-2048_h-2048).tif,143,0.4571266174316406,Marsh-0,Marsh-0,"Marsh-0
model"
Testset/Images_tif/98_HE_(d-4_x-44544_y-10752_w-2048_h-2048).tif,98,0.47370147705078125,Marsh-0,Marsh-0,"Marsh-0
model"
Testset/Images_tif/108_HE_(d-4_x-7680_y-15360_w-2048_h-2048).tif,108,0.1324615478515625,Marsh-3b,Marsh-3b,"Marsh-3b
model"
Testset/Images_tif/44_HE_(d-4_x-10752_y-6144_w-2048_h-2048).tif,44,0.2967948913574219,Marsh-1,Marsh-1,"Marsh-1
model"
Testset/Images_tif/61_HE_(d-4_x-7680_y-4608_w-2048_h-2048).tif,61,0.0286865234375,Marsh-3b,Marsh-3b,Marsh-3b
Testset/Images_tif/129_HE_(d-4_x-7680_y-38400_w-2048_h-2048).tif,129,0.0,Marsh-3b,Marsh-3b,"Marsh-3b
model"
Testset/Images_tif/5_HE_(d-4_x-15360_y-7680_w-2048_h-2048).tif,5,0.45641326904296875,Marsh-0,Marsh-0,"Marsh-0
model"
Testset/Images_tif/9_HE_(d-4_x-6144_y-10752_w-2048_h-2048).tif,9,0.11598587036132812,Marsh-3b,Marsh-3b,Marsh-3b
Testset/Images_tif/108_HE_(d-4_x-18432_y-7680_w-2048_h-2048).tif,108,0.2420806884765625,Marsh-1,Marsh-0,"Marsh-0
model"
Testset/Images_tif/143_HE_(d-4_x-21504_y-9216_w-2048_h-2048).tif,143,0.3317298889160156,Marsh-1,Marsh-1,"Marsh-1
model"
Testset/Images_tif/107_HE_(d-4_x-4608_y-6144_w-2048_h-2048).tif,107,0.21249008178710938,Marsh-3a,Marsh-3a,"Marsh-3a
model"
Testset/Images_tif/23_HE_(d-4_x-4608_y-7680_w-2048_h-2048).tif,23,0.0,Marsh-3b,Marsh-3b,Marsh-3b
Testset/Images_tif/123_HE_(d-4_x-10752_y-7680_w-2048_h-2048).tif,123,0.0772552490234375,Marsh-3b,Marsh-3a,Marsh-3a
Testset/Images_tif/34_HE_(d-4_x-36864_y-24576_w-2048_h-2048).tif,34,0.14241790771484375,Marsh-3a,Marsh-3a,Marsh-3a
Testset/Images_tif/143_HE_(d-4_x-12288_y-12288_w-2048_h-2048).tif,143,0.2678108215332031,Marsh-1,Marsh-1,Marsh-1
Testset/Images_tif/30_HE_(d-4_x-35328_y-27648_w-2048_h-2048).tif,30,0.15389633178710938,Marsh-3a,Marsh-3a,Marsh-3a
Testset/Images_tif/5_HE_(d-4_x-7680_y-6144_w-2048_h-2048).tif,5,0.2271728515625,Marsh-3a,Marsh-1,"Marsh-1
model"
Testset/Images_tif/20_HE_(d-4_x-18432_y-9216_w-2048_h-2048).tif,20,0.1966400146484375,Marsh-3a,Marsh-3a,Marsh-3a
Testset/Images_tif/5_HE_(d-4_x-15360_y-10752_w-2048_h-2048).tif,5,0.19902420043945312,Marsh-3a,Marsh-1,"Marsh-1
model"
Testset/Images_tif/61_HE_(d-4_x-12288_y-18432_w-2048_h-2048).tif,61,0.0535430908203125,Marsh-3b,Marsh-3b,Marsh-3b
Testset/Images_tif/30_HE_(d-4_x-6144_y-24576_w-2048_h-2048).tif,30,0.3188934326171875,Marsh-1,Marsh-1,"Marsh-1
model"
Testset/Images_tif/75_HE_(d-4_x-12288_y-10752_w-2048_h-2048).tif,75,0.0167694091796875,Marsh-3b,Marsh-3b,Marsh-3b
Testset/Images_tif/57_HE_(d-4_x-6144_y-13824_w-2048_h-2048).tif,57,0.1707611083984375,Marsh-3a,Marsh-1,"Marsh-1
model"
Testset/Images_tif/34_HE_(d-4_x-9216_y-30720_w-2048_h-2048).tif,34,0.3939781188964844,Marsh-0,Marsh-0,"Marsh-0
model"
Testset/Images_tif/9_HE_(d-4_x-7680_y-9216_w-2048_h-2048).tif,9,0.463897705078125,Marsh-0,Marsh-0,"Marsh-0
model"
Testset/Images_tif/139_HE_(d-4_x-13824_y-10752_w-2048_h-2048).tif,139,0.019649505615234375,Marsh-3b,Marsh-3b,Marsh-3b
Testset/Images_tif/98_HE_(d-4_x-43008_y-6144_w-2048_h-2048).tif,98,0.14980316162109375,Marsh-3a,Marsh-3a,"Marsh-3a
model"
Testset/Images_tif/66_HE_(d-4_x-29184_y-19968_w-2048_h-2048).tif,66,0.4796104431152344,Marsh-0,Marsh-0,"Marsh-0
model"
Testset/Images_tif/98_HE_(d-4_x-9216_y-9216_w-2048_h-2048).tif,98,0.3557929992675781,Marsh-0,Marsh-1,Marsh-1
Testset/Images_tif/115_HE_(d-4_x-32256_y-38400_w-2048_h-2048).tif,115,0.27996826171875,Marsh-1,Marsh-3a,"Marsh-3a
model"
Testset/Images_tif/30_HE_(d-4_x-32256_y-26112_w-2048_h-2048).tif,30,0.23728179931640625,Marsh-1,Marsh-1,"Marsh-1
model"
Testset/Images_tif/139_HE_(d-4_x-7680_y-7680_w-2048_h-2048).tif,139,0.08325958251953125,Marsh-3b,Marsh-3b,"Marsh-3b
model"
Testset/Images_tif/57_HE_(d-4_x-9216_y-6144_w-2048_h-2048).tif,57,0.21776580810546875,Marsh-3a,Marsh-3a,Marsh-3a
Testset/Images_tif/37_HE_(d-4_x-13824_y-7680_w-2048_h-2048).tif,37,0.25212860107421875,Marsh-1,Marsh-3a,"Marsh-3a
model"
Testset/Images_tif/34_HE_(d-4_x-38400_y-30720_w-2048_h-2048).tif,34,0.13912582397460938,Marsh-3a,Marsh-3a,Marsh-3a
Testset/Images_tif/129_HE_(d-4_x-15360_y-15360_w-2048_h-2048).tif,129,0.4642066955566406,Marsh-0,Marsh-1,"Marsh-1
model"
Testset/Images_tif/7_HE_(d-4_x-10752_y-9216_w-2048_h-2048).tif,7,0.21831130981445312,Marsh-3a,Marsh-1,"Marsh-1
model"
Testset/Images_tif/115_HE_(d-4_x-9216_y-44544_w-2048_h-2048).tif,115,0.12334060668945312,Marsh-3b,Marsh-3b,Marsh-3b
Testset/Images_tif/9_HE_(d-4_x-12288_y-6144_w-2048_h-2048).tif,9,0.40074920654296875,Marsh-0,Marsh-1,"Marsh-1
model"
Testset/Images_tif/44_HE_(d-4_x-13824_y-1536_w-2048_h-2048).tif,44,0.16553878784179688,Marsh-3a,Marsh-1,"Marsh-1
model"
Testset/Images_tif/3_HE_(d-4_x-13824_y-6144_w-2048_h-2048).tif,3,0.2578544616699219,Marsh-1,Marsh-0,"Marsh-0
model"
Testset/Images_tif/115_HE_(d-4_x-26112_y-33792_w-2048_h-2048).tif,115,0.2830238342285156,Marsh-1,Marsh-1,"Marsh-1
model"
Testset/Images_tif/28_HE_(d-4_x-15360_y-4608_w-2048_h-2048).tif,28,0.11328506469726562,Marsh-3b,Marsh-3b,Marsh-3b
Testset/Images_tif/9_HE_(d-4_x-9216_y-9216_w-2048_h-2048).tif,9,0.34632110595703125,Marsh-0,Marsh-1,"Marsh-1
model"
Testset/Images_tif/107_HE_(d-4_x-4608_y-12288_w-2048_h-2048).tif,107,0.23336029052734375,Marsh-3a,Marsh-1,"Marsh-1
model"
Testset/Images_tif/34_HE_(d-4_x-36864_y-26112_w-2048_h-2048).tif,34,0.0164337158203125,Marsh-3b,Marsh-3b,Marsh-3b
Testset/Images_tif/129_HE_(d-4_x-10752_y-33792_w-2048_h-2048).tif,129,0.0,Marsh-3b,Marsh-3b,Marsh-3b
Testset/Images_tif/83_HE_(d-4_x-4608_y-6144_w-2048_h-2048).tif,83,0.4452552795410156,Marsh-0,Marsh-0,"Marsh-0
model"
Testset/Images_tif/108_HE_(d-4_x-19968_y-6144_w-2048_h-2048).tif,108,0.201873779296875,Marsh-3a,Marsh-3a,"Marsh-3a
model"
Testset/Images_tif/123_HE_(d-4_x-7680_y-10752_w-2048_h-2048).tif,123,0.294281005859375,Marsh-1,Marsh-3a,"Marsh-3a
model"
Testset/Images_tif/34_HE_(d-4_x-13824_y-24576_w-2048_h-2048).tif,34,0.12492752075195312,Marsh-3b,Marsh-3b,"Marsh-3b
model"
Testset/Images_tif/30_HE_(d-4_x-6144_y-26112_w-2048_h-2048).tif,30,0.2810859680175781,Marsh-1,Marsh-1,"Marsh-1
model"
Testset/Images_tif/64_HE_(d-4_x-23040_y-23040_w-2048_h-2048).tif,64,0.015155792236328125,Marsh-3b,Marsh-3b,Marsh-3b
Testset/Images_tif/61_HE_(d-4_x-12288_y-19968_w-2048_h-2048).tif,61,0.3374900817871094,Marsh-1,Marsh-0,"Marsh-0
model"
Testset/Images_tif/143_HE_(d-4_x-10752_y-15360_w-2048_h-2048).tif,143,0.15985870361328125,Marsh-3a,Marsh-1,"Marsh-1
model"
Testset/Images_tif/7_HE_(d-4_x-6144_y-3072_w-2048_h-2048).tif,7,0.033237457275390625,Marsh-3b,Marsh-3b,Marsh-3b
Testset/Images_tif/144_HE_(d-4_x-12288_y-3072_w-2048_h-2048).tif,144,0.3309211730957031,Marsh-1,Marsh-0,"Marsh-0
model"
Testset/Images_tif/20_HE_(d-4_x-10752_y-9216_w-2048_h-2048).tif,20,0.3713569641113281,Marsh-0,Marsh-0,"Marsh-0
model"
Testset/Images_tif/90_HE_(d-4_x-9216_y-7680_w-2048_h-2048).tif,90,0.0,Marsh-3b,Marsh-3a,Marsh-3a
Testset/Images_tif/99_HE_(d-4_x-29184_y-9216_w-2048_h-2048).tif,99,0.3834228515625,Marsh-0,Marsh-1,"Marsh-1
model"
Testset/Images_tif/98_HE_(d-4_x-43008_y-10752_w-2048_h-2048).tif,98,0.5524978637695312,Marsh-0,Marsh-0,"Marsh-0
model"
Testset/Images_tif/139_HE_(d-4_x-1536_y-6144_w-2048_h-2048).tif,139,0.14008712768554688,Marsh-3a,Marsh-3b,Marsh-3b
Testset/Images_tif/68_HE_(d-4_x-10752_y-4608_w-2048_h-2048).tif,68,0.2001190185546875,Marsh-3a,Marsh-0,Marsh-0
Testset/Images_tif/143_HE_(d-4_x-27648_y-7680_w-2048_h-2048).tif,143,0.34584808349609375,Marsh-0,Marsh-0,Marsh-0
Testset/Images_tif/34_HE_(d-4_x-9216_y-24576_w-2048_h-2048).tif,34,0.22597122192382812,Marsh-3a,Marsh-1,"Marsh-1
model"
Testset/Images_tif/34_HE_(d-4_x-6144_y-19968_w-2048_h-2048).tif,34,0.0,Marsh-3b,Marsh-3b,Marsh-3b
Testset/Images_tif/75_HE_(d-4_x-6144_y-10752_w-2048_h-2048).tif,75,0.5102615356445312,Marsh-0,Marsh-0,Marsh-0
Testset/Images_tif/41_HE_(d-4_x-6144_y-3072_w-2048_h-2048).tif,41,0.09494781494140625,Marsh-3b,Marsh-3b,"Marsh-3b
model"
Testset/Images_tif/66_HE_(d-4_x-12288_y-10752_w-2048_h-2048).tif,66,0.44060516357421875,Marsh-0,Marsh-0,"Marsh-0
model"
Testset/Images_tif/68_HE_(d-4_x-6144_y-4608_w-2048_h-2048).tif,68,0.24564361572265625,Marsh-1,Marsh-1,"Marsh-1
model"
Testset/Images_tif/61_HE_(d-4_x-9216_y-4608_w-2048_h-2048).tif,61,0.054256439208984375,Marsh-3b,Marsh-3b,Marsh-3b
Testset/Images_tif/34_HE_(d-4_x-6144_y-27648_w-2048_h-2048).tif,34,0.07124710083007812,Marsh-3b,Marsh-3b,Marsh-3b
Testset/Images_tif/68_HE_(d-4_x-6144_y-6144_w-2048_h-2048).tif,68,0.3080177307128906,Marsh-1,Marsh-0,Marsh-0
Testset/Images_tif/3_HE_(d-4_x-6144_y-9216_w-2048_h-2048).tif,3,0.28943634033203125,Marsh-1,Marsh-1,Marsh-1
Testset/Images_tif/34_HE_(d-4_x-12288_y-21504_w-2048_h-2048).tif,34,0.0035247802734375,Marsh-3b,Marsh-3b,Marsh-3b
Testset/Images_tif/129_HE_(d-4_x-16896_y-13824_w-2048_h-2048).tif,129,0.12554550170898438,Marsh-3b,Marsh-3b,"Marsh-3b
model"
Testset/Images_tif/41_HE_(d-4_x-12288_y-4608_w-2048_h-2048).tif,41,0.4441680908203125,Marsh-0,Marsh-1,"Marsh-1
model"
Testset/Images_tif/99_HE_(d-4_x-27648_y-7680_w-2048_h-2048).tif,99,0.09966659545898438,Marsh-3b,Marsh-3b,Marsh-3b
Testset/Images_tif/3_HE_(d-4_x-9216_y-9216_w-2048_h-2048).tif,3,0.2824974060058594,Marsh-1,Marsh-1,Marsh-1
Testset/Images_tif/123_HE_(d-4_x-6144_y-9216_w-2048_h-2048).tif,123,0.5602035522460938,Marsh-0,Marsh-0,"Marsh-0
model"
Testset/Images_tif/66_HE_(d-4_x-30720_y-19968_w-2048_h-2048).tif,66,0.4491157531738281,Marsh-0,Marsh-0,Marsh-0
Testset/Images_tif/117_HE_(d-4_x-7680_y-3072_w-2048_h-2048).tif,117,0.3932533264160156,Marsh-0,Marsh-0,"Marsh-0
model"
Testset/Images_tif/30_HE_(d-4_x-35328_y-23040_w-2048_h-2048).tif,30,0.12178802490234375,Marsh-3b,Marsh-3b,Marsh-3b
Testset/Images_tif/37_HE_(d-4_x-10752_y-7680_w-2048_h-2048).tif,37,0.15558242797851562,Marsh-3a,Marsh-3b,Marsh-3b
Testset/Images_tif/61_HE_(d-4_x-9216_y-3072_w-2048_h-2048).tif,61,0.03130340576171875,Marsh-3b,Marsh-3b,Marsh-3b
Testset/Images_tif/15_HE_(d-4_x-6144_y-7680_w-2048_h-2048).tif,15,0.14071273803710938,Marsh-3a,Marsh-3b,"Marsh-3b
model"
Testset/Images_tif/108_HE_(d-4_x-7680_y-19968_w-2048_h-2048).tif,108,0.18505477905273438,Marsh-3a,Marsh-3a,"Marsh-3a
model"
Testset/Images_tif/143_HE_(d-4_x-26112_y-6144_w-2048_h-2048).tif,143,0.3913688659667969,Marsh-0,Marsh-0,"Marsh-0
model"
